{"cameraMode":{"drawMode":0,"name":"Shaded","section":"Shading Mode"},"sceneLighting":true,"audioPlay":false,"sceneViewState":{"m_AlwaysRefresh":false,"showFog":true,"showSkybox":true,"showFlares":true,"showImageEffects":true,"showParticleSystems":true,"showVisualEffectGraphs":true,"m_FxEnabled":true},"in2DMode":false,"pivot":{"x":4.719913482666016,"y":5.333269119262695,"z":0.9638752937316895},"rotation":{"x":-0.12962791323661805,"y":0.8623325228691101,"z":-0.27699896693229678,"w":-0.40354809165000918},"size":3.6730825901031496,"orthographic":false}